LCSC,Manufacturer,MPN,Value,Footprint,Quantity,References,Datasheet
C109227,LITEON(光宝),LTV-817S-TA1-C,LTV-817S-TA1-C,OPTO-SMD-4_L4.6-W6.5-P2.54-LS10.3-BL,1,U104,https://item.szlcsc.com/datasheet/LTV-817S-TA1-C/110448.html
C110776,YAGEO(国巨),RT0603BRD071KL,1kΩ,R0603,1,R302,https://item.szlcsc.com/datasheet/RT0603BRD071KL/112001.html
C114200,TI(德州仪器),CSD19534Q5A,CSD19534Q5A,POWERVDFN-8_L6.0-W5.0-P1.27-BL,2,Q101 Q102,https://www.ti.com/cn/lit/ds/symlink/csd19534q5a.pdf
C122538,YAGEO(国巨),RT0603BRD07100KL,100kΩ,R0603,1,R306,https://atta.szlcsc.com/upload/public/pdf/source/20170721/C122538_1500619326323834092.pdf
C122837,TI(德州仪器),TPS22965DSGR,TPS22965DSGR,UDFN-8_L2.0-W2.0-P0.50-TL-EP,1,U305,https://www.ti.com/cn/lit/ds/symlink/tps22965.pdf
C128503,PANASONIC(松下),6SVP470M,470uF,CAP-SMD_BD8.0-L8.3-W8.3-LS9.0-RD,2,C301 C338,https://item.szlcsc.com/datasheet/6SVP470M/139788.html
C12891,SAMSUNG(三星),CL31A226KAHNNNE,22uF,C1206,46,C109 C110 C111 C112 C113 C114 C126 C127 C128 C129 C202 C208 C209 C214 C215 C216 C217 C223 C224 C225 C226 C236 C237 C241 C242 C243 C303 C304 C305 C306 C307 C313 C314 C315 C316 C317 C320 C325 C326 C328 C329 C330 C331 C333 C334 C337,https://item.szlcsc.com/datasheet/CL31A226KAHNNNE/13537.html
C1332206,Wurth(伍尔特),744311150,1.5uH,IND-SMD_L6.9-W6.9-LS7.0,1,L202,https://www.we-online.com/components/products/datasheet/744311150.pdf
C1355305,TI(德州仪器),TPS54560BQDDAQ1,TPS54560BQDDAQ1,POWERPAD-SO-8_L4.9-W3.9-P1.27-LS6.0-BL-EP,2,U102 U105,https://www.ti.com/cn/lit/ds/symlink/tps54560b-q1.pdf
C15483,TI(德州仪器),TPS63020DSJR,TPS63020DSJR,VSON-14_L4.0-W3.0-P0.50-BL-EP_TI_DSJ,2,U301 U304,https://www.ti.com/cn/lit/ds/symlink/tps63020.pdf
C15849,SAMSUNG(三星),CL10A105KB8NNNC,1uF,C0603,16,C212 C213 C221 C222 C230 C231 C232 C233 C240 C308 C310 C311 C318 C321 C322 C412,https://item.szlcsc.com/datasheet/CL10A105KB8NNNC/16531.html
C1588,SAMSUNG(三星),CL10B102KB8NNNC,1nF,C0603,2,C201 C336,https://item.szlcsc.com/datasheet/CL10B102KB8NNNC/1940.html
C1589,SAMSUNG(三星),CL10B103KB8NNNC,10nF,C0603,7,C103 C120 C211 C309 C319 C413 C414,https://item.szlcsc.com/datasheet/CL10B103KB8NNNC/1941.html
C1591,SAMSUNG(三星),CL10B104KB8NNNC,100nF,C0603,24,C102 C108 C125 C204 C235 C239 C302 C312 C323 C324 C327 C332 C401 C402 C403 C405 C406 C407 C408 C409 C410 C411 C415 C416,https://item.szlcsc.com/datasheet/CL10B104KB8NNNC/1943.html
C1621,SAMSUNG(三星),CL10B472KB8NNNC,4.7nF,C0603,3,C115 C130 C244,https://item.szlcsc.com/datasheet/CL10B472KB8NNNC/1973.html
C1622,SAMSUNG(三星),CL10B473KB8NNNC,47nF,C0603,2,C207 C246,https://item.szlcsc.com/datasheet/CL10B473KB8NNNC/1974.html
C17294173,TI(德州仪器),TPS22811LRPWR,TPS22811LRPWR,VQFN-10_L2.0-W2.0-P0.45-TL,1,U309,https://www.ti.com/lit/ds/symlink/tps22811.pdf
C17985,UNI-ROYAL(厚声),1206W4F7500T5E,750Ω,R1206,4,R112 R113 R114 R115,https://item.szlcsc.com/datasheet/1206W4F7500T5E/18673.html
C1850341,TI(德州仪器),TPS61088QRHLRQ1,TPS61088QRHLRQ1,VQFN-20_L4.6-W3.6-P0.50-BL,1,U206,https://www.ti.com/cn/lit/ds/symlink/tps61088-q1.pdf
C189624,ST(意法半导体),LIS2DW12TR,LIS2DW12TR,LGA-12_L2.0-W2.0-P0.50-BL,1,U402,https://item.szlcsc.com/datasheet/LIS2DW12TR/202249.html
C19666,SAMSUNG(三星),CL10A475KO8NNNC,4.7uF,C0603,4,C206 C234 C238 C404,https://item.szlcsc.com/datasheet/CL10A475KO8NNNC/20375.html
C1982094,VISHAY(威世),SMBJ33CA-M3/5B,SMBJ33CA-M3/5B,SMB_L4.3-W3.6-LS5.4-BI,2,D101 D105,https://atta.szlcsc.com/upload/public/pdf/source/20210504/294C802C60AB6C7A75E8934FCA9AC73C.pdf
C21190,UNI-ROYAL(厚声),0603WAF1001T5E,1kΩ,R0603,14,R110 R121 R208 R222 R304 R308 R312 R315 R329 R331 R420 R422 R425 R426,https://item.szlcsc.com/datasheet/0603WAF1001T5E/21904.html
C213116,FMS(美丽微),BZT52C5V1,BZT52C5V1,SOD-123_L2.8-W1.8-LS3.7-RD,1,D103,https://item.szlcsc.com/datasheet/BZT52C5V1/214014.html
C22399620,HRE(芯声),CGA0603C0G750J500JT,75pF,C0603,1,C335,
C22399676,TI(德州仪器),TPS2117DRLR,TPS2117DRLR,SOT-583-8_L2.1-W1.2-P0.50-LS1.6-BL,2,U202 U203,https://www.ti.com.cn/cn/lit/ds/symlink/tps2117.pdf?ts=1739366132054
C225088,C&K,SS-22D0205-G 2 LT RT,SS-22D0205-G 2 LT RT,SW-SMD_SS-22D0205-G2LT,2,SW101 SW301,https://atta.szlcsc.com/upload/public/pdf/source/20180613/C225088_74137DA561686234A3C9D3EBC31A8923.pdf
C22764,UNI-ROYAL(厚声),0603WAF1101T5E,1.1kΩ,R0603,1,R204,https://item.szlcsc.com/datasheet/0603WAF1101T5E/23491.html
C22775,UNI-ROYAL(厚声),0603WAF1000T5E,100Ω,R0603,1,R201,https://atta.szlcsc.com/upload/public/pdf/source/20200306/C422600_1E6D84923E4A46A82E41ADD87F860B5C.pdf
C22918,UNI-ROYAL(厚声),0603WAF2493T5E,249kΩ,R0603,3,R101 R217 R219,https://item.szlcsc.com/datasheet/0603WAF2493T5E/23645.html
C22935,UNI-ROYAL(厚声),0603WAF1004T5E,1MΩ,R0603,1,R202,https://item.szlcsc.com/datasheet/0603WAF1004T5E/23662.html
C22984,UNI-ROYAL(厚声),0603WAF3002T5E,30kΩ,R0603,1,R326,
C23074,UNI-ROYAL(厚声),0603WAF5362T5E,53.6kΩ,R0603,1,R106,https://item.szlcsc.com/datasheet/0603WAF5362T5E/23801.html
C23089,UNI-ROYAL(厚声),0603WAF6042T5E,60.4kΩ,R0603,1,R220,
C23103,UNI-ROYAL(厚声),0603WAF7152T5E,71.5kΩ,R0603,3,R117 R322 R324,
C23128,UNI-ROYAL(厚声),0603WAF9761T5E,9.76kΩ,R0603,1,R205,https://item.szlcsc.com/datasheet/0603WAF9761T5E/23855.html
C23137,UNI-ROYAL(厚声),0603WAF3303T5E,330kΩ,R0603,6,R211 R213 R214 R216 R310 R311,https://atta.szlcsc.com/upload/public/pdf/source/20200306/C422600_1E6D84923E4A46A82E41ADD87F860B5C.pdf
C23206,UNI-ROYAL(厚声),0603WAF5602T5E,56kΩ,R0603,1,R218,
C23220,UNI-ROYAL(厚声),0603WAF6200T5E,620Ω,R0603,1,R203,https://item.szlcsc.com/datasheet/0603WAF6200T5E/23947.html
C23351,UNI-ROYAL(厚声),0603WAF2433T5E,243kΩ,R0603,3,R108 R119 R320,https://item.szlcsc.com/datasheet/0603WAF2433T5E/24084.html
C25803,UNI-ROYAL(厚声),0603WAF1003T5E,100kΩ,R0603,34,R105 R111 R116 R122 R207 R209 R210 R212 R215 R223 R305 R309 R313 R316 R317 R319 R321 R327 R330 R332 R403 R404 R405 R406 R407 R408 R410 R412 R414 R416 R419 R421 R423 R424,https://item.szlcsc.com/datasheet/0603WAF1003T5E/26546.html
C25804,UNI-ROYAL(厚声),0603WAF1002T5E,10kΩ,R0603,10,R107 R118 R221 R314 R323 R325 R401 R402 R417 R418,https://item.szlcsc.com/datasheet/0603WAF1002T5E/26547.html
C25811,UNI-ROYAL(厚声),0603WAF2003T5E,200kΩ,R0603,5,R318 R409 R411 R413 R415,https://atta.szlcsc.com/upload/public/pdf/source/20200306/C422600_1E6D84923E4A46A82E41ADD87F860B5C.pdf
C25952,UNI-ROYAL(厚声),0603WAF1332T5E,13.3kΩ,R0603,1,R328,
C25954,UNI-ROYAL(厚声),0603WAF1692T5E,16.9kΩ,R0603,3,R102 R109 R120,https://item.szlcsc.com/datasheet/0603WAF1692T5E/26697.html
C2651165,Wurth(伍尔特),74438357015,1.5uH,IND-SMD_L4.1-W4.1_74438356010,2,L301 L302,https://www.we-online.com/components/products/datasheet/74438357015.pdf
C266541,DIODES(美台),B560C,B560C,SMC_L6.9-W5.9-LS7.9-RD,2,D102 D106,https://item.szlcsc.com/datasheet/B560C/256682.html
C2869734,TI(德州仪器),LM66100DCKR,LM66100DCKR,SC-70-6_L2.0-W1.3-P0.65-LS2.1-BL,1,U303,https://www.ti.com/cn/lit/ds/symlink/lm66100.pdf
C2887324,TI(德州仪器),TPS7A0233PDBVR,TPS7A0233PDBVR,SOT-23-5_L2.9-W1.6-P0.95-LS2.8-BR,1,U306,https://www.ti.com/cn/lit/ds/symlink/tps7a02.pdf
C2892570,YONGYUTAI(永裕泰),1N4148W,1N4148W,SOD-123_L2.7-W1.6-LS3.7-RD-1,1,D104,https://item.szlcsc.com/datasheet/1N4148W/3124189.html
C2908600,HCTL(华灿天禄),XH-2A,XH-2A,CONN-TH_2P-P2.50_HCTL_XH-2A-X,5,J202 J302 J305 J310 J403,https://item.szlcsc.com/datasheet/XH-2A/3184371.html
C2908601,HCTL(华灿天禄),XH-3A,XH-3A,CONN-TH_XH-3A,1,J401,https://item.szlcsc.com/datasheet/XH-3A/3184372.html
C2937625,XFCN(兴飞),PZ254V-11-03P,PZ254V-11-03P,HDR-TH_3P-P2.54-V-M_PZ254V-11-03P,1,J402,https://item.szlcsc.com/datasheet/PZ254V-11-03P/3293280.html
C311983,TI(德州仪器),TPS54302DDCR,TPS54302DDCR,SOT-23-6_L2.9-W1.6-P0.95-LS2.8-BL,1,U310,https://www.ti.com/lit/ds/symlink/tps54302.pdf
C31850,UNI-ROYAL(厚声),0603WAF2202T5E,22kΩ,R0603,2,R103 R104,https://item.szlcsc.com/datasheet/0603WAF2202T5E/32812.html
C3215600,TI(德州仪器),LM74800QDRRRQ1,LM74800QDRRRQ1,WSON-12_L3.0-W3.0-P0.50-TL-EP-2,1,U101,https://www.ti.com/cn/lit/ds/symlink/lm7480-q1.pdf
C3235556,TI(德州仪器),LM66200DRLR,LM66200DRLR,SOT-583-8_L2.1-W1.2-P0.50-LS1.6-BL,1,U204,https://www.ti.com/cn/lit/ds/symlink/lm66200.pdf
C374063,TI(德州仪器),BQ25606RGER,BQ25606RGER,VQFN-24_L4.0-W4.0-P0.50-TL-EP2.8,1,U201,https://www.ti.com/cn/lit/ds/symlink/bq25606.pdf
C3747031,TI(德州仪器),TPS7A0230PDBVR,TPS7A0230PDBVR,SOT-23-5_L2.9-W1.6-P0.95-LS2.8-BR,1,U205,https://www.ti.com/cn/lit/ds/symlink/tps7a02.pdf
C3911753,Coilcraft(线艺),XAL7070-682MEC,6.8uH,IND-SMD_L7.5-W7.2-1,3,L101 L102 L303,https://www.coilcraft.com/getmedia/1ba55433-bcc8-4838-9b21-382f497e12e0/xal7070.pdf
C41425294,XFCN(兴飞),PZ254V-11-04P-RD,PZ254V-11-04P-RD,CONN-TH_4P-P2.54_PZ254V-11-04P-YL,3,J308 J406 J407,https://item.szlcsc.com/datasheet/PZ254V-11-04P-RD/43268211.html
C4172,UNI-ROYAL(厚声),0603WAF1504T5E,1.5MΩ,R0603,1,R206,https://item.szlcsc.com/datasheet/0603WAF1504T5E/4579.html
C440198,muRata(村田),GRM21BR61H106KE43L,10uF,C0805,4,C119 C203 C205 C210,https://item.szlcsc.com/datasheet/GRM21BR61H106KE43L/439567.html
C44479,Littelfuse(美国力特),0451010.MRL,0451010.MRL,FUSE-SMD_L6.1-W2.7,1,F201,https://item.szlcsc.com/datasheet/0451010.MRL/45481.html
C461052,DIODES(美台),DMP2008UFG-7,DMP2008UFG-7,POWERDI3333-8_L3.3-W3.3-P0.65-BL,2,Q201 Q202,https://item.szlcsc.com/datasheet/DMP2008UFG-7/465481.html
C468238,TI(德州仪器),TPS7A1650DGNR,TPS7A1650DGNR,MSOP-8_L3.0-W3.0-P0.65-LS5.0-BL-EP,1,U103,https://www.ti.com/cn/lit/ds/symlink/tps7a16.pdf
C471046,TI(德州仪器),TPS22953DQCR,TPS22953DQCR,WSON-10_L3.0-W2.0-P0.50-BL-EP,1,U302,https://www.ti.com/cn/lit/ds/symlink/tps22954.pdf
C474881,KEFA(科发),KF301-5.0-2P,KF301-5.0-2P,CONN-TH_P5.00_KF301-5.0-2P,3,J301 J304 J309,https://item.szlcsc.com/datasheet/KF301-5.0-2P/481499.html
C474882,KEFA(科发),KF301-5.0-3P,KF301-5.0-3P,CONN-TH_3P-P5.00_KF301-5.0-3P,2,J101 J404,https://item.szlcsc.com/datasheet/KF301-5.0-3P/481500.html
C48467,Littelfuse(美国力特),0451005.MRL,0451005.MRL,FUSE-SMD_L6.1-W2.6,1,F101,https://item.szlcsc.com/datasheet/0451005.MRL/49474.html
C485916,TI(德州仪器),TPS2121RUXR,TPS2121RUXR,VQFN-HR-12_L2.5-W2.0-P0.50-BL,1,U308,https://www.ti.com/cn/lit/gpn/tps2121
C492401,XFCN(兴飞),PZ254V-11-02P,PZ254V-11-02P,HDR-TH_2P-P2.54-V-M,5,J102 J303 J306 J311 J408,https://item.szlcsc.com/datasheet/PZ254V-11-02P/502957.html
C5186957,TI(德州仪器),TXU0202DCUR,TXU0202DCUR,VSSOP-8_L2.3-W2.0-P0.50-LS3.1-BR,2,U307 U403,https://item.szlcsc.com/datasheet/TXU0202DCUR/5858466.html
C53373776,AMASS(艾迈斯),XT30PW-M,XT30PW-M,CONN-TH_XT30PW-M,1,J201,https://item.szlcsc.com/datasheet/XT30PW-M/56489943.html
C705725,YAGEO(国巨),RT0603BRD0714K7L,14.7kΩ,R0603,1,R307,https://item.szlcsc.com/datasheet/RT0603BRD0714K7L/742245.html
C720477,XUNPU(讯普),TS-1088-AR02016,TS-1088-AR02016,SW-SMD_L3.9-W3.0-P4.45,1,SW401,https://item.szlcsc.com/datasheet/TS-1088-AR02016/763484.html
C728600,YAGEO(国巨),RT0603BRD0790K9L,90.9kΩ,R0603,1,R301,https://atta.szlcsc.com/upload/public/pdf/source/20200814/C723483_9C38DBFE9BAEFED0FBB9716EAA9FF07C.pdf
C7434310,HCTL(华灿天禄),HC-XH-4A-G-K,HC-XH-4A-G-K,CONN-TH_4P-P2.50_HX25003-4A,2,J307 J405,https://item.szlcsc.com/datasheet/HC-XH-4A-G-K/8445547.html
C8545,CJ(江苏长电/长晶),2N7002,2N7002,SOT-23-3_L2.9-W1.3-P1.90-LS2.4-BR,2,Q103 Q203,https://item.szlcsc.com/datasheet/2N7002/9040.html
C86054,muRata(村田),GRM32ER72A225KA35L,2.2uF,C1210,11,C101 C104 C105 C106 C107 C117 C118 C121 C122 C123 C124,https://item.szlcsc.com/datasheet/GRM32ER72A225KA35L/87230.html
C920280,Coilcraft(线艺),XAL5030-222MEC,2.2uH,IND-SMD_L5.5-W5.3_XAL5030-102MEC,1,L201,https://www.coilcraft.com/getmedia/49bc46c8-4b2c-45b9-9b6c-2eaa235ea698/xal50xx.pdf
C94085,ST(意法半导体),STM32L031K6T6,STM32L031K6T6,LQFP-32_L7.0-W7.0-P0.80-LS9.0-BL,1,U401,https://item.szlcsc.com/datasheet/STM32L031K6T6/95283.html
C94904,FH(风华),0603CG470J500NT,47pF,C0603,3,C116 C131 C245,https://item.szlcsc.com/datasheet/0603CG470J500NT/96104.html
C95204,YAGEO(国巨),RT0603BRD0710KL,10kΩ,R0603,1,R303,https://item.szlcsc.com/datasheet/RT0603BRD0710KL/96405.html
