role,manufacturer,mpn,lcsc,package,quantity,status,condition_or_remaining_work,source
host,M5Stack,ATOM Lite C008,,assembled module,1,reuse-selected,physical revision and mating geometry,https://docs.m5stack.com/en/core/ATOM%20Lite
cellular daughterboard,芯引者,ML307R-DL Tiny,,assembled module,1,reuse-selected-electrical-pending,board VIN BAT UART EN and peak current unverified,https://item.taobao.com/item.htm?id=1055078978369
external GNSS,M5Stack,Unit GPS v1.1 U032-V11,,assembled module,1,reuse-selected,connect via host Grove after logic and cable verification,https://docs.m5stack.com/en/unit/Unit-GPS%20v1.1
USB-C power input,HRO,TYPE-C-31-M-12,C165948,SMD 16P right angle,0,excluded-superseded,removed from adapter in Header A4; header power replaces carrier Type-C topology,https://datasheet.lcsc.com/datasheet/pdf/9e56b777c022540fcce7c7f67825f55e.pdf?productCode=C165948
CC pull-down,UNI-ROYAL,0603WAF5101T5E,C23186,0603,0,excluded-superseded,removed from adapter in Header A4; header power replaces carrier Type-C topology,https://datasheet.lcsc.com/datasheet/pdf/0a975aaa49b7c97f38a963127be4a823.pdf?productCode=C23186
host branch reverse-current blocking,Texas Instruments,LM66100DCKR,C2869734,SC-70-6 DCK,0,excluded-superseded,removed from adapter in Header A4; header power replaces carrier Type-C topology,https://www.ti.com/lit/ds/symlink/lm66100.pdf
local decoupling,Yageo,CC0603KRX7R9BB104,C14663,0603,2,conditional-placed,C3 C4 100 nF for TXU0202; translator and VIO remain conditional,easyeda/README.md
bulk decoupling,Samsung Electro-Mechanics,CL21A106KAYNNNE,C15850,0805,0,research-only-not-selected,historical power research; quantity and rating require actual Tiny and power-module design,https://datasheet.lcsc.com/datasheet/pdf/02336ea48ea44ca18c72517dd3cb7b47.pdf?productCode=C15850
input fuse,Littelfuse,0466003.NRHF,C14165,1206,0,research-only-not-selected,historical power research; quantity and rating require actual Tiny and power-module design,https://datasheet.lcsc.com/datasheet/pdf/68c0a0f84b2b437b80451cb918a64da7.pdf?productCode=C14165
ATOM mating connector,,,,,1,pending,physical pin map and mating height and current rating; J1 is only a reference excluded from PCB and BOM,../docs/rev-a-product-and-bom.md
Tiny mating connector,,,,1x6 2.54 mm female direction,1,pending,exact MPN and geometry and current rating; no assumed pad numbers,../docs/rev-a-product-and-bom.md
Tiny supply conditioning,,,,,,pending,depends on Tiny VIN and onboard regulator and transient load,../docs/rev-a-product-and-bom.md
input ESD and overvoltage and inrush control,,,,,,pending,scope and placement depend on header source and Tiny limits; future power module handles source isolation and switching,../docs/rev-a-product-and-bom.md
UART translator,Texas Instruments,TXU0202DCUR,C5186957,VSSOP-8 DCU,1,conditional-placed,only if Tiny logic requires it; low-side supply and sequencing unresolved,https://www.ti.com/lit/ds/symlink/txu0202.pdf
UART OE pull-down,UNI-ROYAL,0603WAF1003T5E,C25803,0603,1,conditional-placed,R3 100k ohm; only with TXU0202,easyeda/README.md
GNSS connector on carrier,,,,,0,omitted-reuse-host-Grove,external GNSS uses existing ATOM Grove with separate UART,../docs/rev-a-product-and-bom.md
test pads,,PCB copper pads,,,,planned,positions and quantity follow final nets and assembly access,../docs/rev-a-product-and-bom.md
